from,to,action,reasons
Chad Lamb Access,Chad Lamb,REPLACE,collapse_to_base_prefix_scan
Chad Lamb Clothed,Chad Lamb,REPLACE,collapse_to_base_prefix_scan
Chad Lamb Decisions,Chad Lamb,REPLACE,collapse_to_base_prefix_scan
Chad Lamb Discernment,Chad Lamb,REPLACE,collapse_to_base_prefix_scan
Chad Lamb El-Shaddai,Chad Lamb,REPLACE,collapse_to_base_prefix_scan
Chad Lamb Emmanuel,Chad Lamb,REPLACE,collapse_to_base_prefix_scan
Chad Lamb Expectations,Chad Lamb,REPLACE,collapse_to_base_prefix_scan
Chad Lamb Focused,Chad Lamb,REPLACE,collapse_to_base_prefix_scan
Chad Lamb Food,Chad Lamb,REPLACE,collapse_to_base_prefix_scan
Chad Lamb Growth,Chad Lamb,REPLACE,collapse_to_base_prefix_scan
Chad Lamb Honoring,Chad Lamb,REPLACE,collapse_to_base_prefix_scan
Chad Lamb Immersed,Chad Lamb,REPLACE,collapse_to_base_prefix_scan
Chad Lamb Light,Chad Lamb,REPLACE,collapse_to_base_prefix_scan
Chad Lamb Marys,Chad Lamb,REPLACE,collapse_to_base_prefix_scan
Chad Lamb Overcoming,Chad Lamb,REPLACE,collapse_to_base_prefix_scan
Chad Lamb Peniel,Chad Lamb,REPLACE,collapse_to_base_prefix_scan
Chad Lamb Perfect,Chad Lamb,REPLACE,collapse_to_base_prefix_scan
Chad Lamb Press,Chad Lamb,REPLACE,collapse_to_base_prefix_scan
Chad Lamb Redeemable,Chad Lamb,REPLACE,collapse_to_base_prefix_scan
Chad Lamb Secure,Chad Lamb,REPLACE,collapse_to_base_prefix_scan
Chad Lamb Victory,Chad Lamb,REPLACE,collapse_to_base_prefix_scan
Chad Lamb Walking,Chad Lamb,REPLACE,collapse_to_base_prefix_scan
Chad Lamb Wisdom,Chad Lamb,REPLACE,collapse_to_base_prefix_scan
Diego Arroyo Ezekiel,Diego Arroyo,REPLACE,collapse_to_base_prefix_scan
Diego Arroyo Gen,Diego Arroyo,REPLACE,collapse_to_base_prefix_scan
Diego Arroyo Isa,Diego Arroyo,REPLACE,collapse_to_base_prefix_scan
Diego Arroyo Jer,Diego Arroyo,REPLACE,collapse_to_base_prefix_scan
Diego Arroyo John,Diego Arroyo,REPLACE,collapse_to_base_prefix_scan
Diego Arroyo Mje,Diego Arroyo,REPLACE,collapse_to_base_prefix_scan
Diego Arroyo Rom,Diego Arroyo,REPLACE,collapse_to_base_prefix_scan
Diego Arroyo Sun,Diego Arroyo,REPLACE,collapse_to_base_prefix_scan
Jason DeMars Israel,Jason DeMars,REPLACE,collapse_to_base_prefix_scan
Jason DeMars Knowing,Jason DeMars,REPLACE,collapse_to_base_prefix_scan
Jason DeMars Press,Jason DeMars,REPLACE,collapse_to_base_prefix_scan
Jason DeMars Rapturing,Jason DeMars,REPLACE,collapse_to_base_prefix_scan
