Sermon Date,Sermon Title,Speaker,YouTube URL,Website URL
N/A,Error Fetching YouTube Data,Brother William Branham,https://www.youtube.com/watch?v=sLd_iaSNpg4,https://www.shalomtabernacle.com/sermons/communion-57-0412/
N/A,Error Fetching YouTube Data,Pastor Israel Powe,https://www.youtube.com/watch?v=bLZnm-QD0bU,https://www.shalomtabernacle.com/sermons/the-true-prophecy-and-false-teaching-of-balaam/
N/A,Error Fetching YouTube Data,Brother William Branham,https://www.youtube.com/watch?v=ZNDQDMdzWLE,https://www.shalomtabernacle.com/sermons/adoption-1-pt-3-60-0615e/
N/A,Error Fetching YouTube Data,Brother William Branham,https://www.youtube.com/watch?v=sQdpJdjm4As,https://www.shalomtabernacle.com/sermons/adoption-2-60-0518-pt-1/
N/A,Error Fetching YouTube Data,Pastor Israel Powe,https://www.youtube.com/watch?v=ryJG12jiPeg,https://www.shalomtabernacle.com/sermons/a-believers-heart/
N/A,Error Fetching YouTube Data,Brother William Branham,https://www.youtube.com/watch?v=42CLqQmEsXo,https://www.shalomtabernacle.com/sermons/letting-off-the-pressure-62-0513e/
N/A,Error Fetching YouTube Data,Pastor Israel Powe,https://www.youtube.com/watch?v=NFpSTvHunYk,https://www.shalomtabernacle.com/sermons/we-win-by-our-confessions-part-2/
N/A,Error Fetching YouTube Data,Pastor Israel Powe,https://www.youtube.com/watch?v=B_OJkqCX9Jo,https://www.shalomtabernacle.com/sermons/because-of-unbelief/
N/A,Error Fetching YouTube Data,Pastor Israel Powe,https://www.youtube.com/watch?v=JJe7f7ByeU0,https://www.shalomtabernacle.com/sermons/stand-therefore/
2026-01-22,Wednesday Evening 01-21-26,Pastor Israel Powe,https://www.youtube.com/watch?v=FWHXWKktsqU,
2026-01-15,Wednesday Evening 01-14-26,Bro Gerald Hughes,https://www.youtube.com/watch?v=MmH10WVXRkE,
2026-01-11,Sunday Morning 01-11-26,Pastor Israel Powe,https://www.youtube.com/watch?v=JKDeOSuBvR4,
2026-01-11,Sunday Evening 01-11-26,Bro Robert Figueroa,https://www.youtube.com/watch?v=olE6Yd5qwn4,
2026-01-04,Sunday Morning 01-04-26,Pastor Israel Powe,https://www.youtube.com/watch?v=OLzA7GYAwMM,
2026-01-04,Sunday Evening 01-04-26,Pastor Israel Powe,https://www.youtube.com/watch?v=fqDby4vz3_k,
2026-01-01,Wednesday Evening 12-31-25,Pastor Israel Powe,https://www.youtube.com/watch?v=KvXo4wfK5o0,
2025-12-28,Sunday Evening 12-28-25,Brother William Branham,https://www.youtube.com/watch?v=KVsu0FMwRzU,
2025-12-21,Sunday Morning 12-21-25,Pastor Israel Powe,https://www.youtube.com/watch?v=wmYWenB0XzY,https://www.shalomtabernacle.com/sermons/the-greatest-gift-of-all/
2025-12-18,Wednesday Evening 12-17-25,Pastor Israel Powe,https://www.youtube.com/watch?v=U574nAPxaq0,https://www.shalomtabernacle.com/sermons/study-notes-from-sermon-parodox/
2025-12-14,"The Sovereignty of God - Pastor Brother Israel Powe -,12/14/25",Pastor Israel Powe,https://www.youtube.com/watch?v=1BnowKec_2U,https://www.shalomtabernacle.com/sermons/the-sovereignty-of-god/
2025-12-14,Sunday Morning 12-14-25,Brother William Branham,https://www.youtube.com/watch?v=zgv_szSY1Es,https://www.shalomtabernacle.com/sermons/paradox-61-1210-44-160/
2025-12-14,Sunday Evening 12-14-25,"Brother William Branham, Pastor Israel Powe",https://www.youtube.com/watch?v=h1HnOaqa3QI,
2025-12-11,Wednesday Evening 12-10-25,"Brother William Branham, Pastor Israel Powe",https://www.youtube.com/watch?v=-PBaqvChnxg,https://www.shalomtabernacle.com/sermons/a-sovereign-move-of-god/
2025-12-07,Sunday Morning 12-07-25,Pastor Israel Powe,https://www.youtube.com/watch?v=AbMQq7CixCc,https://www.shalomtabernacle.com/sermons/greatest-of-all-revelations/
2025-12-07,Sunday Evening 12-07-25,Brother William Branham,https://www.youtube.com/watch?v=_pRsvldVVss,https://www.shalomtabernacle.com/sermons/the-communion-57-0418-p11-end/
2025-12-04,Wednesday Evening 12-03-25,Brother William Branham,https://www.youtube.com/watch?v=9t8zgqVTxjk,https://www.shalomtabernacle.com/sermons/believe-from-the-heart-57-0623-108-179/
2025-11-30,Sunday Evening 11-30-25,Brother William Branham,https://www.youtube.com/watch?v=As1gVVQAo5o,https://www.shalomtabernacle.com/sermons/believe-from-the-heart-57-0623/
2025-11-30,Sunday Morning 11-30-25,Pastor Israel Powe,https://www.youtube.com/watch?v=sF5VKESUXzk,https://www.shalomtabernacle.com/sermons/why-the-mysteries-pt-2/
2025-11-23,Sunday Morning 11-23-25,Pastor Israel Powe,https://www.youtube.com/watch?v=BV_xke5yIt8,https://www.shalomtabernacle.com/sermons/why-the-mysteries/
2025-11-23,Sunday Evening 11-23-25,Bro Zephaniah Papiso,https://www.youtube.com/watch?v=Z7CmZfMt8hU,https://www.shalomtabernacle.com/sermons/let-us-follow-the-shepard/
2025-11-20,Wednesday Evening 11-19-25,Brother William Branham,https://www.youtube.com/watch?v=X7dgElQs4bA,https://www.shalomtabernacle.com/sermons/believest-thou-this-60-0402-2/
2025-11-16,Sunday Evening 11-16-25,Brother Jim Bates,https://www.youtube.com/watch?v=aCD9J_B4W0s,https://www.shalomtabernacle.com/sermons/mystery-masterpiece/
2025-11-09,Saturday Evening 11-08-25,Bro George Fergusson,https://www.youtube.com/watch?v=zH4omcCO68k,https://www.shalomtabernacle.com/sermons/god-and-his-word-cannot-change/
2025-11-09,Sunday Evening 11-09-25,Bro Malcom Webster,https://www.youtube.com/watch?v=11QtHQo1pc8,https://www.shalomtabernacle.com/sermons/lets-go-down-to-the-potters-house/
2025-11-09,Sunday Morning 11-09-25,Bro David McGeary,https://www.youtube.com/watch?v=mZJmG8TsgHE,
2025-11-08,Saturday Youth Service 11-08-25,Bro Trevor Emond,https://www.youtube.com/watch?v=s4AqLhaV_DM,https://www.shalomtabernacle.com/sermons/that-which-i-do-i-allow-not/
2025-11-08,Friday Evening 11-07-25,Bro George Smith,https://www.youtube.com/watch?v=s57l7ZWJOyw,https://www.shalomtabernacle.com/sermons/god-gave-the-power/
2025-11-02,Sunday Morning  11-02-25,Bro Luis Aguilar,https://www.youtube.com/watch?v=Qt5Q6cj4fps,
2025-10-30,Wednesday Evening  10-29-25,Pastor Israel Powe,https://www.youtube.com/watch?v=ikaVi-qRUbA,https://www.shalomtabernacle.com/sermons/chemicals-of-the-word/
2025-10-26,Sunday Morning  10-26-25,Pastor Israel Powe,https://www.youtube.com/watch?v=-nCx7cKnF7g,https://www.shalomtabernacle.com/sermons/looking-seeing-and-moving-forward/
2025-10-26,Sunday Evening  10-26-25,Brother Nathaniel Berrett,https://www.youtube.com/watch?v=vaHbd5mdSKo,https://www.shalomtabernacle.com/sermons/strength-for-the-journey/
2025-10-23,Wednesday Evening  10-22-25,Brother William Branham,https://www.youtube.com/watch?v=EMN8rpZReIg,https://www.shalomtabernacle.com/sermons/countdown-64-0209-2-96/
2025-10-19,Sunday Morning  10-19-25,Pastor Israel Powe,https://www.youtube.com/watch?v=x_qmYhEYG8A,https://www.shalomtabernacle.com/sermons/the-hour-has-come/
2025-10-19,Sunday Evening  10-19-25,Brother William Branham,https://www.youtube.com/watch?v=q6VYvlNdIeo,
2025-10-16,Wednesday Evening  10-15-25,Brother William Branham,https://www.youtube.com/watch?v=APy_tQ6Vulg,https://www.shalomtabernacle.com/sermons/questions-and-answers-3-64-0830m-q333-q348/
2025-10-12,Sunday Evening  10-12-25,Pastor Israel Powe,https://www.youtube.com/watch?v=SFmQpAM0q40,https://www.shalomtabernacle.com/sermons/feed-my-sheep-pt-2/
2025-10-12,Sunday Morning  10-12-25,Pastor Israel Powe,https://www.youtube.com/watch?v=MFVNN62zeME,https://www.shalomtabernacle.com/sermons/feed-my-sheep/
2025-10-09,Wednesday Evening  10-08-25,Pastor Israel Powe,https://www.youtube.com/watch?v=OwBxVN4FHzY,https://www.shalomtabernacle.com/sermons/water-baptism/
2025-10-05,Sunday Morning  10-05-25,Pastor Israel Powe,https://www.youtube.com/watch?v=ZiwxpzgcVBE,https://www.shalomtabernacle.com/sermons/a-remnant-according-to-election/
2025-10-05,Sunday Evening  10-05-25,Brother William Branham,https://www.youtube.com/watch?v=-Ohx2rUAJzs,https://www.shalomtabernacle.com/sermons/questions-answers-3-64-0830m-q-325-q-332/
2025-10-02,Wednesday Evening  10-01-25,Brother William Branham,https://www.youtube.com/watch?v=N98ocSCjP6Q,https://www.shalomtabernacle.com/sermons/the-invasion-of-the-united-states-54-0509-31-243/
2025-09-28,Sunday Evening  09-28-25,Pastor Israel Powe,https://www.youtube.com/watch?v=EFnPrC0--p0,https://www.shalomtabernacle.com/sermons/little-ones/
2025-09-28,Sunday Morning  09-28-25,Brother William Branham,https://www.youtube.com/watch?v=zcUyinJXAYc,https://www.shalomtabernacle.com/sermons/elijah-and-the-meal-offering-60-0310/
2025-09-25,Wednesday Evening  09-24-25,Bro George Smith,https://www.youtube.com/watch?v=ZkEHVEPuhO0,https://www.shalomtabernacle.com/sermons/our-journey-the-hope-of-the-resurrection/
2025-09-21,Sunday Morning  09-21-25,Pastor Israel Powe,https://www.youtube.com/watch?v=FnI_iVCOGzI,https://www.shalomtabernacle.com/sermons/a-coming-church-2/
2025-09-18,Wednesday Evening  09-17-25,Pastor Israel Powe,https://www.youtube.com/watch?v=QMlaRaKsyAk,https://www.shalomtabernacle.com/sermons/god-is-depending-on-us/
2025-09-14,Sunday Evening  09-14-25,Bro Aaron Guerra,https://www.youtube.com/watch?v=gXlUICLkanY,https://www.shalomtabernacle.com/sermons/whats-in-your-cup/
2025-09-14,Sunday Morning  09-14-25,Pastor Israel Powe,https://www.youtube.com/watch?v=6Gh-lzleVE0,https://www.shalomtabernacle.com/sermons/our-mission/
2025-09-07,Sunday Morning 09-07-25,Pastor Israel Powe,https://www.youtube.com/watch?v=0NT5ZI4h30c,https://www.shalomtabernacle.com/sermons/something-is-fixing-to-happen/
2025-09-07,Sunday Evening  09-07-25,Brother William Branham,https://www.youtube.com/watch?v=Fd3f12J1V-8,https://www.shalomtabernacle.com/sermons/desperations-63-0901e-43-155/
2025-09-04,Wednesday Evening 09-03-25,Pastor Israel Powe,https://www.youtube.com/watch?v=c-Bx4PCDj28,https://www.shalomtabernacle.com/sermons/remove-thy-candlestick/
2025-08-31,Sunday Evening 08-24-25,Pastor Israel Powe,https://www.youtube.com/watch?v=6JdxDVAnYBk,https://www.shalomtabernacle.com/sermons/to-be-an-example-columbia-report/
2025-08-28,Wednesday Evening 08-27-25,Pastor Israel Powe,https://www.youtube.com/watch?v=3Xhk76c6ovE,https://www.shalomtabernacle.com/sermons/the-training-of-men/
2025-08-24,Sunday Morning 08-24-25,Bro Olufemi Joseph,https://www.youtube.com/watch?v=jUFF-Fcymzc,https://www.shalomtabernacle.com/sermons/the-significance-of-the-planetary-alignment-or-parade-of-february-28-2025/
2025-08-24,Sunday Evening 08-24-25,Bro Armando Rivera,https://www.youtube.com/watch?v=QB1eiax_owU,https://www.shalomtabernacle.com/sermons/to-be-loyal/
2025-08-21,Wednesday Evening 08-20-25,Pastor Israel Powe,https://www.youtube.com/watch?v=UrKW96BqCDE,https://www.shalomtabernacle.com/sermons/david-before-he-was-king/
2025-08-17,Sunday Morning 08-17-25,Bro Jonathan Davis,https://www.youtube.com/watch?v=SilQKcrrj9E,https://www.shalomtabernacle.com/sermons/where-dwellest-thou-is-there-any-good-thing-that-comes-from-that-place/
2025-08-17,Sunday Evening 08-17-25,Bro Jonathan Davis,https://www.youtube.com/watch?v=bNiIYky4Ueo,https://www.shalomtabernacle.com/sermons/sharing-my-lamb-with-my-neighbor/
2025-08-14,Wednesday Evening 08-13-25,Pastor Israel Powe,https://www.youtube.com/watch?v=wgDRGXGl29U,https://www.shalomtabernacle.com/sermons/not-power-but-authority/
2025-08-10,Sunday Morning 08-10-25,Brother William Branham,https://www.youtube.com/watch?v=glbSsDaPvKo,https://www.shalomtabernacle.com/sermons/the-future-home-of-the-heavenly-bridegroom-and-the-earthy-bride-64-0802-40-217/
2025-08-10,Sunday Evening 08-10-25,Bro Caleb Duron,https://www.youtube.com/watch?v=7QWluRQ6liY,https://www.shalomtabernacle.com/sermons/7-seal-golden-nuggets/
2025-08-07,Wednesday Evening 08-06-25b,Brother William Branham,https://www.youtube.com/watch?v=ZVD4tDU6nJE,https://www.shalomtabernacle.com/sermons/a-personal-experience-with-god-54-0724-7-end/
2025-08-03,Sunday Morning 08-03-25,Pastor Israel Powe,https://www.youtube.com/watch?v=CzLbs0rrhBM,https://www.shalomtabernacle.com/sermons/first-fruits/
2025-08-03,Sunday Evening 08-03-25,Brother William Branham,https://www.youtube.com/watch?v=EiZPPALEmG0,https://www.shalomtabernacle.com/sermons/jehova-jireh-57-0429-1-37/
2025-07-31,Wednesday Evening 07-30-25,Brother William Branham,https://www.youtube.com/watch?v=PEnXayTr6U4,https://www.shalomtabernacle.com/sermons/adoption-4-60-0522e-164-end/
2025-07-27,Sunday Evening 07-27-25,Bro Robert Figueroa,https://www.youtube.com/watch?v=ebVbGuRYEUU,https://www.shalomtabernacle.com/sermons/the-living-word/
2025-07-27,Sunday Morning 07-27-25,Pastor Israel Powe,https://www.youtube.com/watch?v=oYZJhwVmcLw,https://www.shalomtabernacle.com/sermons/authority-given-to-servants/
2025-07-24,Wednesday Evening 07-23-25,Brother William Branham,https://www.youtube.com/watch?v=jt9a7BpTKuo,https://www.shalomtabernacle.com/sermons/adoption-4-60-0522e-77-163/
2025-07-21,Sunday Evening 07-20-25b,Pastor Israel Powe,https://www.youtube.com/watch?v=iWuWumir6ms,https://www.shalomtabernacle.com/sermons/authority-pt-2/
2025-07-20,Sunday Morning 07-20-25,Pastor Israel Powe,https://www.youtube.com/watch?v=G2knwoLOqtw,https://www.shalomtabernacle.com/sermons/authority/
2025-07-13,Sunday Evening 07-13-25,Pastor Israel Powe,https://www.youtube.com/watch?v=un07bzBUx9M,https://www.shalomtabernacle.com/sermons/unity/
2025-07-13,Sunday Morning 07-13-25,Bro Juan Gabarri,https://www.youtube.com/watch?v=8SIMOZi3zrs,https://www.shalomtabernacle.com/sermons/like-a-lamb/
2025-07-10,Wednesday Evening 07-09-25,Bro Bill Lingar,https://www.youtube.com/watch?v=7P8w6nUaElc,https://www.shalomtabernacle.com/sermons/loves-viewpoint/
2025-07-06,Sunday Morning 07-02-25,Pastor Israel Powe,https://www.youtube.com/watch?v=fPpQVbWuk-w,https://www.shalomtabernacle.com/sermons/the-placing-of-the-seed/
2025-07-06,Sunday Evening 07-06-25,Pastor Israel Powe,https://www.youtube.com/watch?v=j8b1MWSeox4,https://www.shalomtabernacle.com/sermons/the-placing-of-the-seed-pt-2/
2025-07-03,Wednesday Evening 07-02-25,Brother William Branham,https://www.youtube.com/watch?v=WKWX4NWGQSk,https://www.shalomtabernacle.com/sermons/adoption-4-60-0522e-11-88/
2025-06-29,Sunday Morning 06-29-25,Brother William Branham,https://www.youtube.com/watch?v=Wt3BbUgWaBg,https://www.shalomtabernacle.com/sermons/jezebel-religion-61-03119-1-91/
2025-06-22,Sunday Morning 06-22-25,Pastor Israel Powe,https://www.youtube.com/watch?v=jOfwIATjmcs,https://www.shalomtabernacle.com/sermons/perfect-heart-god-sees-it/
2025-06-19,Wednesday Evening 06-18-25,Brother William Branham,https://www.youtube.com/watch?v=_JzIxLnqLPE,https://www.shalomtabernacle.com/sermons/adoption-pt-2-60-0518-152-end/
2025-06-15,Saturday Singing 06-14-25,Unknown Speaker,https://www.youtube.com/watch?v=w2vPltYEYBg,https://www.shalomtabernacle.com/sermons/saturday-singing/
2025-06-12,Wednesday Evening 06-11-25,Brother William Branham,https://www.youtube.com/watch?v=c1d2Eo8ckhw,https://www.shalomtabernacle.com/sermons/adoption-pt-2-60-0518-part-2/
2025-06-08,Sunday Evening 06-08-25,Pastor Israel Powe,https://www.youtube.com/watch?v=z-5MNu-z7IA,https://www.shalomtabernacle.com/sermons/prayed-up-position/
2025-05-15,Wednesday Evening 05-14-25,Unknown Speaker,https://www.youtube.com/watch?v=Irdq9DmJ_wk,https://www.shalomtabernacle.com/sermons/60-0615e-adoption-1-pt-2-67-110/
2025-05-08,Wednesday Evening 05-07-25,Unknown Speaker,https://www.youtube.com/watch?v=1841aGd0YeA,https://www.shalomtabernacle.com/sermons/adoption-60-0515e/
2025-05-04,Sunday Morning 05-04-25,Unknown Speaker,https://www.youtube.com/watch?v=EFJBll8kqI8,https://www.shalomtabernacle.com/sermons/third-pull-inheritance/
2025-05-04,Sunday Evening 04-20-25,Brother William Branham,https://www.youtube.com/watch?v=pKs9ku2iHCc,https://www.shalomtabernacle.com/sermons/thyatirean-church-age-60-1208-p98-to-end/
2025-05-01,Wednesday Evening 04-30-25,Pastor Israel Powe,https://www.youtube.com/watch?v=oe83CjJ7f0U,https://www.shalomtabernacle.com/sermons/ii-peter-ch-2-warning/
2025-04-27,Sunday Evening 04-20-25,Brother William Branham,https://www.youtube.com/watch?v=CreNxGGXgk8,https://www.shalomtabernacle.com/sermons/tape-service-a-super-sign-59-1227e-pt-2/
2025-04-24,Wednesday Evening 4-23-2025,Brother William Branham,https://www.youtube.com/watch?v=Z1wZm1o8_io,https://www.shalomtabernacle.com/sermons/tape-service-once-more-63-0804a/
2025-04-20,Sun Morning 04-20-25,Bro Eli Castillo,https://www.youtube.com/watch?v=rXthxTKcsVA,https://www.shalomtabernacle.com/sermons/that-i-may-know-him/
2025-04-17,Wednesday Evening 04-16-25,Brother William Branham,https://www.youtube.com/watch?v=2j9BAiS9qZc,https://www.shalomtabernacle.com/sermons/once-more-63-0804a/
2025-04-14,Sun Evening 04-13-25,Bro David Musgrove,https://www.youtube.com/watch?v=i3tiFgwGGTQ,https://www.shalomtabernacle.com/sermons/you-have-the-power-to-raise-yourself-back-up/
2025-04-13,Sunday Morning 04-13-25,Pastor Israel Powe,https://www.youtube.com/watch?v=OQ_qDYgY6iI,https://www.shalomtabernacle.com/sermons/a-super-race-the-great-purge-pt-6/
2025-04-10,Wednesday Evening 04-09-25,Brother William Branham,https://www.youtube.com/watch?v=K5XJahyPNRA,https://www.shalomtabernacle.com/sermons/influence-63-0112-2/
2025-04-07,Sunday Evening 04-06-25,Bro Benny Perry,https://www.youtube.com/watch?v=ZQbWB0c0xBw,https://www.shalomtabernacle.com/sermons/we-have-received-a-kingdom-that-can-not-be-moved/
2025-04-06,Sunday Morning 04-06-25,Pastor Israel Powe,https://www.youtube.com/watch?v=WnXbYJK-8es,https://www.shalomtabernacle.com/sermons/our-sins-are-purged-the-great-purge-pt-6/
2025-04-03,Wednesday Evening 04-02-25,Brother William Branham,https://www.youtube.com/watch?v=ZJwT9kwSBFQ,https://www.shalomtabernacle.com/sermons/influence-63-0112/
2025-03-30,Sunday Evening 03-30-25,Brother Josh Cathey,https://www.youtube.com/watch?v=MsQnCMNIjlw,https://www.shalomtabernacle.com/sermons/my-hope-is-in-the-lord/
2025-03-30,Sunday Morning 03-30-25,Pastor Israel Powe,https://www.youtube.com/watch?v=FyhIgK-0VeM,https://www.shalomtabernacle.com/sermons/the-great-purge-continued/
2025-03-27,Wednesday Evening 03-26-25,Brother William Branham,https://www.youtube.com/watch?v=LJ3uUYNp520,https://www.shalomtabernacle.com/sermons/speak-to-this-rock/
2025-03-23,Sunday Evening 03-23-25,Bro Andrew Glover,https://www.youtube.com/watch?v=pKa0gmmSOFw,https://www.shalomtabernacle.com/sermons/expectations-lit-by-the-message/
2025-03-23,Sunday Morning 03-23-25,Pastor Israel Powe,https://www.youtube.com/watch?v=RUi0O1JZXbE,https://www.shalomtabernacle.com/sermons/the-great-purge-and-apostasy/
2025-03-20,Wednesday Evening 03-19-25,Pastor Israel Powe,https://www.youtube.com/watch?v=7Sw5gCk-_m8,https://www.shalomtabernacle.com/sermons/marriage-and-divorce-subject/
2025-03-16,Sunday Evening 03-16-25,Bro. Joseph Chikosi,https://www.youtube.com/watch?v=f5cBeTtgJ3M,https://www.shalomtabernacle.com/sermons/the-mystery-of-who-jesus-is/
2025-03-16,Sunday Morning 03-16-25,Pastor Israel Powe,https://www.youtube.com/watch?v=96j_sK-Zx5w,https://www.shalomtabernacle.com/sermons/the-great-purge-pt-2/
2025-03-13,Wednesday Evening 0312-25,Brother Josh Cathey,https://www.youtube.com/watch?v=17_f24mHhkk,https://www.shalomtabernacle.com/sermons/getting-in-lamb-condition/
2025-03-09,Sunday Morning 03-09-25,Pastor Israel Powe,https://www.youtube.com/watch?v=BpUjefTgxeI,https://www.shalomtabernacle.com/sermons/the-great-purge/
2025-03-06,Wednesday Evening 03-05-25,Pastor Israel Powe,https://www.youtube.com/watch?v=V8Gn6KNcm2s,https://www.shalomtabernacle.com/sermons/marriage-and-divorce/
2025-03-02,Sunday Morning 03-02-25,Pastor Israel Powe,https://www.youtube.com/watch?v=hznIpYRqoqc,https://www.shalomtabernacle.com/sermons/the-harder-way-is-my-way/
2025-03-02,Sunday Evening 03-02-25,Pastor Israel Powe,https://www.youtube.com/watch?v=TQhQ5flvIXs,https://www.shalomtabernacle.com/sermons/masterpiece/
2025-02-27,Wednesday Evening 02-26-25,Pastor Israel Powe,https://www.youtube.com/watch?v=2G073dwUGb8,https://www.shalomtabernacle.com/sermons/predestinated-seed-and-soil/
2025-02-23,Sunday Evening 02-23-25,Unknown Speaker,https://www.youtube.com/watch?v=eHVg8Gni53U,https://www.shalomtabernacle.com/sermons/beth-dingwall-testimony/
2025-02-20,Wednesday 02/19/25,Brother William Branham,https://www.youtube.com/watch?v=oAA-ZGiWGFw,https://www.shalomtabernacle.com/sermons/gods-provided-way-for-this-day/
2025-02-17,Sunday PM 2-16-25,Ike Lafontaine,https://www.youtube.com/watch?v=CXSKbKvnW7U,https://www.shalomtabernacle.com/sermons/the-ministry-of-helps/
2025-02-16,Sunday 02-16-25,Pastor Israel Powe,https://www.youtube.com/watch?v=LK8N6eXE62I,https://www.shalomtabernacle.com/sermons/we-are-believers/
2025-02-09,Shalom Tabernacle 12-25-21,Pastor Israel Powe,https://www.youtube.com/watch?v=p9tRlF8vbRw,https://www.shalomtabernacle.com/sermons/stand-like-caleb-stand-with-joshua/
2025-02-09,Sunday pm 02/09/25,Brother George Moore,https://www.youtube.com/watch?v=0iy-dKD-q8w,https://www.shalomtabernacle.com/sermons/enlightened-by-the-shekinah-glory/
2025-02-06,Wednesday pm 02/05/25,Bro Horacio Elio Paez,https://www.youtube.com/watch?v=7VE1q0fBXsM,https://www.shalomtabernacle.com/sermons/loosed-bindings-the-lord-needs-them/
2025-02-02,Sunday am 02/02/25,Pastor Israel Powe,https://www.youtube.com/watch?v=SMyRwRPrAWs,https://www.shalomtabernacle.com/sermons/let-us-stand-like-joshua-caleb/
2025-02-02,Sunday pm 02/02/25,Pastor Israel Powe,https://www.youtube.com/watch?v=me2AbFvrUmU,https://www.shalomtabernacle.com/sermons/tanzania-report/
2025-01-30,Wednesday pm 01/29/25,Brother William Branham,https://www.youtube.com/watch?v=cz0LE8Cg9Vo,https://www.shalomtabernacle.com/sermons/revelation-chapter-4-part-3-116-242/
2025-01-26,Sunday Am 01/26/25,Pastor Israel Powe,https://www.youtube.com/watch?v=KQcVRSeo2ak,https://www.shalomtabernacle.com/sermons/lead-me-not-to-temptation/
2025-01-26,Sunday pm 01/26/25,Brother William Branham,https://www.youtube.com/watch?v=-kU6PxulxTc,https://www.shalomtabernacle.com/sermons/tape-service-led-by-the-spirit-56-0723/
2025-01-23,Wednesday pm 01/22/2025,Pastor Israel Powe,https://www.youtube.com/watch?v=xOwsjSE1swU,https://www.shalomtabernacle.com/sermons/the-five-musts/
2025-01-19,Sunday AM 01/19/25,Bro Adolfo Mata,https://www.youtube.com/watch?v=gGAMHiFeoyM,https://www.shalomtabernacle.com/sermons/the-serpents-hunt/
2025-01-16,Wednesday pm 01/15/25,Bro Mennow Friesen,https://www.youtube.com/watch?v=oWsU0BNNPB0,https://www.shalomtabernacle.com/sermons/by-grace-are-ye-saved/
2025-01-12,Sunday PM 01-12-25,Bro Aaron Mugo,https://www.youtube.com/watch?v=QwKY_3NEgiQ,https://www.shalomtabernacle.com/sermons/words-in-the-word/
2025-01-12,Sunday AM 01-12-25,Pastor Israel Powe,https://www.youtube.com/watch?v=26EKGEkPGEk,https://www.shalomtabernacle.com/sermons/stand-like-caleb-with-joshua/
2025-01-09,Wednesday PM 01-08-25,Brother William Branham,https://www.youtube.com/watch?v=FKUh_C-58Js,https://www.shalomtabernacle.com/sermons/tape-service-revelation-ch-4-pt3-61-0108-p1-124/
2025-01-06,Sunday PM 01-05-25,Pastor Israel Powe,https://www.youtube.com/watch?v=VSQCnQq0d2g,https://www.shalomtabernacle.com/sermons/who-is-this-son-of-man/
2025-01-01,Tuesday PM 12-31-24,"Brother Josh Cathey, Brother Will Oliphant",https://www.youtube.com/watch?v=KqY7Kl8BgnE,https://www.shalomtabernacle.com/sermons/calvary-road/
2024-12-29,Sunday PM 12-29-24,Pastor Israel Powe,https://www.youtube.com/watch?v=I1w-WUaytn8,https://www.shalomtabernacle.com/sermons/give-me-my-mountain/
2024-12-29,Sunday AM 12-29-24,Pastor Israel Powe,https://www.youtube.com/watch?v=BGSlyKgnADs,https://www.shalomtabernacle.com/sermons/romans-7-luke-23-acts-5/
2024-12-25,Wednesday AM 12-25-24,Brother George Moore,https://www.youtube.com/watch?v=XMNv_Ph2ltQ,https://www.shalomtabernacle.com/sermons/the-greatest-christmas-gift-ever-given/
2024-12-22,Sunday PM 12-22-24,Bro Mark Castillo,https://www.youtube.com/watch?v=9c-WpGtWoFI,https://www.shalomtabernacle.com/sermons/immortality-of-immortal/
2024-12-22,Sunday AM 12-22-24,Bro Mark Castillo,https://www.youtube.com/watch?v=wlbtwIScM-o,https://www.shalomtabernacle.com/sermons/sound-doctrine/
2024-12-15,Sunday AM 12-15-24,Pastor Israel Powe,https://www.youtube.com/watch?v=ly_kvZWPfgk,https://www.shalomtabernacle.com/sermons/a-word-to-the-church/
2024-12-15,Sunday PM 12-15-24,Bro Joel Pruitt,https://www.youtube.com/watch?v=qLq1Yrzy_9Y,https://www.shalomtabernacle.com/sermons/awakening-of-the-bride/
2024-12-12,Wednesday PM 12-11-24,Pastor Israel Powe,https://www.youtube.com/watch?v=4_pmnhL6oug,https://www.shalomtabernacle.com/sermons/believing-is-seeing/
2024-12-08,Sunday AM 12-08-24,Pastor Israel Powe,https://www.youtube.com/watch?v=4J5ppLeG0IM,https://www.shalomtabernacle.com/sermons/the-unconditional-covenant-with-conditions/
2024-12-05,Wednesday PM 12-04-24,Pastor Israel Powe,https://www.youtube.com/watch?v=GYvW8qVHyic,https://www.shalomtabernacle.com/sermons/respects-unto-the-weaker-vessel/
2024-12-01,Sunday AM 12-01-24,Brother William Branham,https://www.youtube.com/watch?v=lBLFnw6XKAY,https://www.shalomtabernacle.com/sermons/tape-service-65-0219-this-day-this-scripture-is-fulfilled/
2024-12-01,Sunday PM 12-01-24,Pastor Israel Powe,https://www.youtube.com/watch?v=ObR0WfL9-UE,https://www.shalomtabernacle.com/sermons/married-to-christ-the-word/
2024-11-24,Sunday PM 11-24-24,Brother George Moore,https://www.youtube.com/watch?v=DfjjRhjd7yk,https://www.shalomtabernacle.com/sermons/heart-soul-mind-and-strength/
2024-11-24,Sunday AM 11-24-24,Pastor Israel Powe,https://www.youtube.com/watch?v=vVhC2ZYX-d4,https://www.shalomtabernacle.com/sermons/thanksgiving-in-the-golden-age/
2024-11-21,Wednesday PM 11-20-24,Brother William Branham,https://www.youtube.com/watch?v=bJ86KFD4quc,https://www.shalomtabernacle.com/sermons/tape-service-respects-61-1015e/
2024-11-17,Sunday PM 11-17-24,Pastor Israel Powe,https://www.youtube.com/watch?v=m0u_Ctxjg_0,https://www.shalomtabernacle.com/sermons/respects-part2/
2024-11-17,Sunday AM 11-17-24,Pastor Israel Powe,https://www.youtube.com/watch?v=JnLX-VFUE70,https://www.shalomtabernacle.com/sermons/respects/
2024-11-14,Wednesday PM 11-13-24,Pastor Israel Powe,https://www.youtube.com/watch?v=Y0Bm2S6_cpc,https://www.shalomtabernacle.com/sermons/tape-service-the-rejected-king-60-0515m/
2024-11-10,Sunday AM 11-10-24,Bro George Fergusson,https://www.youtube.com/watch?v=kKg7AwMRuZM,https://www.shalomtabernacle.com/sermons/new-creation-of-god-in-us/
2024-11-10,Shalom Tabernacle - Evening Annual Meeting 2024,Bro George Fergusson,https://www.youtube.com/watch?v=kPtp43ec2dQ,https://www.shalomtabernacle.com/sermons/god-promises-and-god-fulfills/
2024-11-10,Sunday PM 11-10-24,Bro Bill Lingar,https://www.youtube.com/watch?v=QrL-ZBZy864,https://www.shalomtabernacle.com/sermons/what-manner-of-love-is-this/
2024-11-09,9th Anniversary Meetings - Friday Night,Bro Ted Posedly,https://www.youtube.com/watch?v=dw758FG6Oro,https://www.shalomtabernacle.com/sermons/but-god/
2024-11-03,Sunday AM 11-03-24,Bro Jonathan Davis,https://www.youtube.com/watch?v=TaLl-39oKRw,https://www.shalomtabernacle.com/sermons/gods-has-provided-prepared-and-purposed/
2024-11-03,Sunday PM 11-03-24,Pastor Israel Powe,https://www.youtube.com/watch?v=ZTofWSWoyBk,https://www.shalomtabernacle.com/sermons/an-ounce-of-faith/
2024-10-31,Wednesday PM 10-30-24,Pastor Israel Powe,https://www.youtube.com/watch?v=kAmiB5lq1Hk,https://www.shalomtabernacle.com/sermons/notes-on-a-thinking-mans-filter/
2024-10-27,Sunday AM 10-27-24,Pastor Israel Powe,https://www.youtube.com/watch?v=51oayqkNReA,https://www.shalomtabernacle.com/sermons/a-mighty-army/
2024-10-24,Wednesday PM 10-23-24,Brother William Branham,https://www.youtube.com/watch?v=Q-peQLVeyhg,https://www.shalomtabernacle.com/sermons/tape-service-a-thinking-mans-filter-65-0822e-109-193/
2024-10-20,Sunday AM 10-20-24,Pastor Israel Powe,https://www.youtube.com/watch?v=DtKGU70TTEs,https://www.shalomtabernacle.com/sermons/ephesians-6-exposing-satans-tactics/
2024-10-20,Sunday PM 10-20-24,Pastor Israel Powe,https://www.youtube.com/watch?v=YKOqIH2fCVw,https://www.shalomtabernacle.com/sermons/ephesians-6-exposing-satans-tactics-pt-2/
2024-10-17,Wednesday PM 10-16-24,Pastor Israel Powe,https://www.youtube.com/watch?v=Dlt2binCeNU,https://www.shalomtabernacle.com/sermons/tape-service-a-thinking-mans-filter/
2024-10-13,Sunday AM 10-13-24,Pastor Israel Powe,https://www.youtube.com/watch?v=xk4yTO12bcQ,https://www.shalomtabernacle.com/sermons/armor-of-god/
2024-10-10,Wednesday PM 10-09-24,Bro Gerald Hughes,https://www.youtube.com/watch?v=4HDQnhudsnc,https://www.shalomtabernacle.com/sermons/the-divine-romance/
2024-10-06,Sunday PM 10-06-24,Pastor Israel Powe,https://www.youtube.com/watch?v=kGHe83fRVeA,https://www.shalomtabernacle.com/sermons/communion/
2024-10-03,Wednesday PM 10-02-24,Brother William Branham,https://www.youtube.com/watch?v=kOQgC3qYIgY,https://www.shalomtabernacle.com/sermons/tape-service-the-might-conqueror-56-0401m/
2024-09-29,Sunday PM 9-29-24,Pastor Israel Powe,https://www.youtube.com/watch?v=bnuZU_7c_oA,https://www.shalomtabernacle.com/sermons/your-approach/
2024-09-29,Sunday AM 9-29-24,Pastor Israel Powe,https://www.youtube.com/watch?v=WglISpWgu8E,https://www.shalomtabernacle.com/sermons/7-compound-names-2/
2024-09-26,Wednesday PM 9-25-24,Pastor Israel Powe,https://www.youtube.com/watch?v=HSMdqgncMLM,https://www.shalomtabernacle.com/sermons/seven-redemptive-confessions/
2024-09-22,Sunday PM 9-22-24,Brother Jim Bates,https://www.youtube.com/watch?v=3Pzj5SigdiI,https://www.shalomtabernacle.com/sermons/bro-jim-bates-testimony/
2024-09-22,Sunday AM 9-22-24,Brother Jim Bates,https://www.youtube.com/watch?v=nkAwA0ynuRw,https://www.shalomtabernacle.com/sermons/if-you-are-you-will/
2024-09-19,Wednesday PM 9-18-24,Brother William Branham,https://www.youtube.com/watch?v=6f-IMAPo-mw,https://www.shalomtabernacle.com/sermons/tape-service-the-way-back-62-1123-149-257/
2024-09-15,Sunday PM 9-15-24,Pastor Israel Powe,https://www.youtube.com/watch?v=8Bnav8WnpW0,https://www.shalomtabernacle.com/sermons/i-am-healed-part2/
2024-09-15,Sunday AM 09-15-24,Pastor Israel Powe,https://www.youtube.com/watch?v=eCY4S87JrAw,https://www.shalomtabernacle.com/sermons/i-am-healed/
2024-09-12,Wednesday 9/11/24,Pastor Israel Powe,https://www.youtube.com/watch?v=chJtK5yHGbw,https://www.shalomtabernacle.com/sermons/neither-give-place-to-the-devil/
2024-09-08,Sunday AM 9-8-24,Pastor Israel Powe,https://www.youtube.com/watch?v=6y_n4i6ME7I,https://www.shalomtabernacle.com/sermons/the-soldier-the-holy-spirit/
2024-09-08,Sunday PM 9-8-24,Brother George Moore,https://www.youtube.com/watch?v=ZZtL8eV0DrM,https://www.shalomtabernacle.com/sermons/there-aint-no-other-way/
2024-09-01,Sunday PM 9-1-24,Pastor Israel Powe,https://www.youtube.com/watch?v=e3Doh8f91WQ,https://www.shalomtabernacle.com/sermons/dont-add-dont-take-away-part-2/
2024-09-01,Sunday AM 9-1-24 Part 2,Pastor Israel Powe,https://www.youtube.com/watch?v=RK5fSLZiAHM,https://www.shalomtabernacle.com/sermons/dont-add-dont-take-away/
2024-08-29,Wednesday PM 8-28-24,Pastor Israel Powe,https://www.youtube.com/watch?v=iHMpzLp1cU0,https://www.shalomtabernacle.com/sermons/tape-service-divine-love-56-0826/
2024-08-25,A Chance To Make a Choice - Sunday PM 8-25-24,Brother George Moore,https://www.youtube.com/watch?v=ZaUMevj16qA,https://www.shalomtabernacle.com/sermons/a-chance-to-make-a-choice/
2024-08-25,Who's a real Believer? You're looking at One! -Bro. Moore 8-25-24 AM,Brother George Moore,https://www.youtube.com/watch?v=Rv1UHUigMjk,https://www.shalomtabernacle.com/sermons/whos-a-real-believer-youre-looking-at-him/
2024-08-18,Sunday PM 8-18-24,Brother William Branham,https://www.youtube.com/watch?v=8cSdm0BYAaA,https://www.shalomtabernacle.com/sermons/tape-service-second-handed-robe-56-1125m/
2024-08-18,Sunday AM 8-18-24,Pastor Israel Powe,https://www.youtube.com/watch?v=fy7DqZ_OGgQ,https://www.shalomtabernacle.com/sermons/endeavoring-to-keep-the-unity-of-the-spirit/
2024-08-15,Wednesday PM 8-14-24,Pastor Israel Powe,https://www.youtube.com/watch?v=__Q4mWnRU_g,https://www.shalomtabernacle.com/sermons/prayer/
2024-08-11,Sunday AM 8/11/24,Brother William Branham,https://www.youtube.com/watch?v=7T1jzvg8kOY,https://www.shalomtabernacle.com/sermons/tape-service-the-seventh-seal-63-0324e-part-1/
2024-08-11,Sunday PM 8-11-24,Brother William Branham,https://www.youtube.com/watch?v=_hy9dW7VE2o,https://www.shalomtabernacle.com/sermons/tape-service-the-seventh-seal-63-0324e-part-2/
2024-08-04,Sunday 8-4-24 PM,Pastor Israel Powe,https://www.youtube.com/watch?v=3DKdw0mVixw,https://www.shalomtabernacle.com/sermons/the-sword-of-the-spirit-part2/
2024-08-04,Sunday AM 8-4-24,Pastor Israel Powe,https://www.youtube.com/watch?v=mXS6EiicpHw,https://www.shalomtabernacle.com/sermons/the-sword-of-the-spirit/
2024-07-28,Sunday PM 7-28-24,Pastor Israel Powe,https://www.youtube.com/watch?v=dPYn-w45nbA,https://www.shalomtabernacle.com/sermons/write-it-down-part-2/
2024-07-25,Wednesday PM 7-24-24,Brother William Branham,https://www.youtube.com/watch?v=HYbifqg_0MI,https://www.shalomtabernacle.com/sermons/tape-service-the-greatest-battle-ever-fought-62-0311/
2024-07-21,Sunday 7-21-24,Brother George Moore,https://www.youtube.com/watch?v=PDl4-L0TAdQ,https://www.shalomtabernacle.com/sermons/your-season-is-coming/
2024-07-21,Sunday PM 7-21-24,Brother George Moore,https://www.youtube.com/watch?v=24J8HWlwCPg,https://www.shalomtabernacle.com/sermons/your-season-is-coming-pt2/
2024-07-18,Wed 7-17-24,Bro Moriel Tchaou,https://www.youtube.com/watch?v=QgYLpY7GB5s,https://www.shalomtabernacle.com/sermons/contending-for-the-faith-restored-by-malachi-4-to-do-the-greater-works-of-christ/
2024-07-15,7-14-24 pm Part 2,Pastor Israel Powe,https://www.youtube.com/watch?v=6_KSs75UOVg,https://www.shalomtabernacle.com/sermons/the-whole-armor-of-god/
2024-07-14,Sunday 7-14-24 am,Pastor Israel Powe,https://www.youtube.com/watch?v=Vlh2TqMAtVk,https://www.shalomtabernacle.com/sermons/put-on-the-whole-armor-of-god/
2024-07-11,7-10-24 pm,Brother William Branham,https://www.youtube.com/watch?v=qFYxKTbFhHA,https://www.shalomtabernacle.com/sermons/tape-service-communion-65-1212/
2024-07-07,Sunday 7-7-24 pm,Unknown Speaker,https://www.youtube.com/watch?v=8nYCAUqHsko,https://www.shalomtabernacle.com/sermons/sunday-7-7-2024-evening-john-huss-1977/
2024-07-07,God Keeps His Word 7-7-24 am,Pastor Israel Powe,https://www.youtube.com/watch?v=VirL7RzPDRc,https://www.shalomtabernacle.com/sermons/god-keeps-his-word/
2024-07-04,"Wednesday July 3, 2024",Pastor Israel Powe,https://www.youtube.com/watch?v=3vz6jnecnBA,https://www.shalomtabernacle.com/sermons/tape-service-the-queen-of-sheba-59-0405e-2/
2024-06-30,Sunday 6/30/24 pm,Brother Josh Cathey,https://www.youtube.com/watch?v=Q27k7ryIX-c,https://www.shalomtabernacle.com/sermons/waiting-on-the-victory/
2024-06-27,Wednesday 6-26-24 pm,Brother William Branham,https://www.youtube.com/watch?v=wlohb708DD0,https://www.shalomtabernacle.com/sermons/tape-service-the-queen-of-sheba-59-0405e/
2024-06-23,Sunday PM 6-23-24,Brother Confido Banza,https://www.youtube.com/watch?v=3rxVzXQDs80,https://www.shalomtabernacle.com/sermons/recognize-who-you-are/
2024-06-23,6/23/2024 Sunday am,Pastor Israel Powe,https://www.youtube.com/watch?v=0cz06i9KWsA,https://www.shalomtabernacle.com/sermons/elijah-and-elisha/
2024-06-20,Wednesday Prayer Meeting 6/19/2024,Pastor Israel Powe,https://www.youtube.com/watch?v=rbPAs6l5QzU,https://www.shalomtabernacle.com/sermons/elohim-to-jehovah-our-father-pt-2/
2024-06-16,Elohim to Jehovah Our Father 6-16-24 am,Pastor Israel Powe,https://www.youtube.com/watch?v=AYe92FdhOY0,https://www.shalomtabernacle.com/sermons/elohim-to-jehovah-our-father/
2024-06-15,Worship & Praise with Shalom Tabernacle,Unknown Speaker,https://www.youtube.com/watch?v=Ez2u46fdH7A,https://www.shalomtabernacle.com/sermons/worship-praise-with-shalom-tabernacle/
2024-06-13,How to Receive More Power - Prayer 6-12-24 pm,Pastor Israel Powe,https://www.youtube.com/watch?v=Q3y7twargmc,https://www.shalomtabernacle.com/sermons/how-to-receive-more-power-pt-2-prayer/
2024-06-09,What is the Purpose of All This? 6-9-24 pm,Brother George Moore,https://www.youtube.com/watch?v=vQw-tUW_UKw,https://www.shalomtabernacle.com/sermons/what-is-the-purpose-of-all-this/
2024-06-09,How To Receive More Power 6-9-24 am,Pastor Israel Powe,https://www.youtube.com/watch?v=_wlBWYPb4qY,https://www.shalomtabernacle.com/sermons/how-to-receive-more-power/
2024-06-06,Wednesday Prayer Meeting 6-5-24,Brother William Branham,https://www.youtube.com/watch?v=BDyYcAHlYF8,https://www.shalomtabernacle.com/sermons/tape-service-a-greater-witness-than-john-55-0609/
2024-06-02,I am a True Believer 6-2-24 am,Pastor Israel Powe,https://www.youtube.com/watch?v=fvZQ6f5aBk4,https://www.shalomtabernacle.com/sermons/i-am-a-true-believer/
2024-06-02,I am a True Believer (Part 2) 6-2-24 pm,Pastor Israel Powe,https://www.youtube.com/watch?v=PJORuo7sXtA,https://www.shalomtabernacle.com/sermons/i-am-a-true-believer-part-2/
2024-05-30,Prayer the Great Keynote 5-29-24 pm,Pastor Israel Powe,https://www.youtube.com/watch?v=hxsFC1iGsHs,https://www.shalomtabernacle.com/sermons/prayer-the-keynote/
2024-05-26,A Life Worthy of the Gospel 5-26-24 pm,Pastor Israel Powe,https://www.youtube.com/watch?v=hsp46_Rm0Rs,https://www.shalomtabernacle.com/sermons/a-life-worthy-of-the-gospel/
2024-05-26,Model Servant - Lord I Am At Your Service 5-26-2024 am,Pastor Israel Powe,https://www.youtube.com/watch?v=t0JR0z65bP4,https://www.shalomtabernacle.com/sermons/lord-im-at-your-service/
2024-05-23,Wednesday 5/22/24 Prayer Meeting,Pastor Israel Powe,https://www.youtube.com/watch?v=Hge6KminpjY,https://www.shalomtabernacle.com/sermons/c-o-d-doctrine-ii/
2024-05-19,57-0806 Sunday 5-19-24 pm,Brother William Branham,https://www.youtube.com/watch?v=VH3wAky9HcA,https://www.shalomtabernacle.com/sermons/tape-service-god-projecting-his-love-57-0806/
2024-05-19,Fine Tune the Instrument / Heart 5-19-2024 am,Brother Joel Jenson,https://www.youtube.com/watch?v=B3NQdgFljbI,https://www.shalomtabernacle.com/sermons/fine-tuning-the-insturment-heart/
2024-05-18,5-18-2024 Memorial,Pastor Israel Powe,https://www.youtube.com/watch?v=YravEIHakKE,https://www.shalomtabernacle.com/sermons/brother-jordan-powes-memorial/
2024-05-16,Importance of Sound Doctrine 5-15-24 pm,Pastor Israel Powe,https://www.youtube.com/watch?v=nMrR7SfQoFk,https://www.shalomtabernacle.com/sermons/doctrine-1-importance-of-a-sound-doctrine/
2024-05-12,The True Church is a True Mother 5-12-24 am,Pastor Israel Powe,https://www.youtube.com/watch?v=-21qrsDGiQo,https://www.shalomtabernacle.com/sermons/a-true-church-is-a-true-mother/
2024-05-09,Wednesday 5-8-24 pm,Brother William Branham,https://www.youtube.com/watch?v=ljU7j2p2-Wg,https://www.shalomtabernacle.com/sermons/a-hidden-life-55-1006a/
2024-05-05,Rights - Sunday 5-5-24 pm,Bro Armando Rivera,https://www.youtube.com/watch?v=DvVXfYZe0M4,https://www.shalomtabernacle.com/sermons/rights/
2024-05-02,COD - Communion 5-1-24 pm,Pastor Israel Powe,https://www.youtube.com/watch?v=kTyVB7YSFuA,https://www.shalomtabernacle.com/sermons/order-pt-3-communion/
2024-04-28,59-1126 Jehovah of Miracles 4-28-24 pm,Brother William Branham,https://www.youtube.com/watch?v=iRqV57ENCZQ,https://www.shalomtabernacle.com/sermons/jehovah-of-miracles-59-1126/
2024-04-28,Instructions From the Angel 4-28-24 am,Pastor Israel Powe,https://www.youtube.com/watch?v=T9uRoriXtTI,https://www.shalomtabernacle.com/sermons/instructions-from-the-angel/
2024-04-25,54-0516 Wednesday 4-24-24 pm,Pastor Israel Powe,https://www.youtube.com/watch?v=eLuXHRnLk78,https://www.shalomtabernacle.com/sermons/questions-and-answers-law-having-a-shadow-54-0516-2/
2024-04-21,The Most Sublime Thing in the Scripture 4-21-24 am,Pastor Israel Powe,https://www.youtube.com/watch?v=_dRDrSldzqY,https://www.shalomtabernacle.com/sermons/the-most-sublime-thing-in-scripture/
2024-04-21,The Most Sublime Thing in the Scripture (Part 2) 4-21-24 pm,Pastor Israel Powe,https://www.youtube.com/watch?v=2bf_H5r7_Gc,https://www.shalomtabernacle.com/sermons/the-most-sublime-act-in-the-scripture/
2024-04-14,Putting it all on the Table 4-14-24 pm,Pastor Israel Powe,https://www.youtube.com/watch?v=aPCO3DW3-wg,https://www.shalomtabernacle.com/sermons/putting-it-all-on-the-table/
2024-04-14,You Are Free 4-14-24 am,Pastor Israel Powe,https://www.youtube.com/watch?v=cc5o8yAmpsM,https://www.shalomtabernacle.com/sermons/you-are-free/
2024-04-07,Year of Release 4-7-2024 am,Pastor Israel Powe,https://www.youtube.com/watch?v=xGADNIiLxL8,https://www.shalomtabernacle.com/sermons/the-year-or-release/
2024-03-31,"Easter, the Answer to Pain  3-31-2024 am",Pastor Israel Powe,https://www.youtube.com/watch?v=RcqUvJLF6dg,https://www.shalomtabernacle.com/sermons/easter-the-answer-to-pain/
2024-03-28,Melchizedek Received Tithes 3-27-2024 pm,Pastor Israel Powe,https://www.youtube.com/watch?v=l_rxLpox8mU,https://www.shalomtabernacle.com/sermons/order-pt-2-melchizedek/
2024-03-24,You Have Need of Patience 3-24-2024 pm,Pastor Israel Powe,https://www.youtube.com/watch?v=kRB8vSSdFpk,https://www.shalomtabernacle.com/sermons/you-have-need-of-patience/
2024-03-24,Open Book of Redemption (Part 2) 3-24-2024 am,Pastor Israel Powe,https://www.youtube.com/watch?v=78d4rDBLmaw,https://www.shalomtabernacle.com/sermons/open-book-of-revelation-pt-2/
2024-03-21,54-0516 Wednesday 3-20-2024 pm,Brother William Branham,https://www.youtube.com/watch?v=KRCIN44374o,https://www.shalomtabernacle.com/sermons/questions-and-answers-law-having-a-shadow-54-0516/
2024-03-17,Your Failures are Not Your Future 3-17-2024 am,Brother George Moore,https://www.youtube.com/watch?v=qIsv9waxVeo,https://www.shalomtabernacle.com/sermons/your-failures-are-not-your-future/
2024-03-17,The Open Book of Redemption 3-17-2024 pm,Pastor Israel Powe,https://www.youtube.com/watch?v=mF_-ncNYc9U,https://www.shalomtabernacle.com/sermons/the-open-book-of-redemption/
2024-03-14,COD: Praying and Fasting 3-13-2024 pm,Pastor Israel Powe,https://www.youtube.com/watch?v=UjD0Ii-09Rw,https://www.shalomtabernacle.com/sermons/conduct-pt-6-fasting-and-praying/
2024-03-10,64-0618 The Presence of God Unrecognized 3-10-2024 am,Brother William Branham,https://www.youtube.com/watch?v=R1xu3dshQJs,https://www.shalomtabernacle.com/sermons/the-presence-of-god-unrecognized-64-0618/
2024-03-07,"Conduct, Doctrine and Order (Part 5) 3-6-2024 pm",Pastor Israel Powe,https://www.youtube.com/watch?v=kiW6i6nLwAk,https://www.shalomtabernacle.com/sermons/conduct-order-doctrine-pt-5/
2024-03-03,The Word of God is a Seed 3-3-2024 am,Pastor Israel Powe,https://www.youtube.com/watch?v=gIcbQ8ZzPK0,https://www.shalomtabernacle.com/sermons/the-word-of-god-is-a-seed/
2024-02-29,Conduct Doctrine and Order (Part 4) 2-28-2024 pm,Pastor Israel Powe,https://www.youtube.com/watch?v=7QO5k5E3gZk,https://www.shalomtabernacle.com/sermons/conduct-order-doctrine-pt-4/
2024-02-25,59-0412A Be Certain of God 2-25-2024 pm,Brother William Branham,https://www.youtube.com/watch?v=vcy0pxe5Jsg,https://www.shalomtabernacle.com/sermons/be-certain-of-god-59-0412a/
2024-02-22,Wednesday 2-21-2024 pm,Bro Fergeson,https://www.youtube.com/watch?v=5soS50rMY8s,https://www.shalomtabernacle.com/sermons/the-assurance-that-god-gives-us-eternal-life/
2024-02-18,Light of Reconciliation 2-18-2024 am,Bro Bill Lingar,https://www.youtube.com/watch?v=dcXNWJLrBfQ,https://www.shalomtabernacle.com/sermons/the-light-of-reconciliation/
2024-02-18,Life of Jesus in Us  2-18-2024 pm,Bro Fergeson,https://www.youtube.com/watch?v=0jpYeUOT_es,https://www.shalomtabernacle.com/sermons/the-life-of-jesus-in-us/
2024-02-15,Wednesday 2-14-2024,Brother William Branham,https://www.youtube.com/watch?v=QvaHQgmb_Vg,https://www.shalomtabernacle.com/sermons/why-cry-speak-59-1004e/
2024-02-11,Influence of Angels 2-11-24 pm,Bro Martin Warner,https://www.youtube.com/watch?v=DhDoaiAh3vc,https://www.shalomtabernacle.com/sermons/influence-of-angels/
2024-02-11,Words Being Seeds 2-11-24 am,Pastor Israel Powe,https://www.youtube.com/watch?v=3J4GXJXyGdE,https://www.shalomtabernacle.com/sermons/we-win-by-our-confession-pt-2/
2024-02-08,Wednesday 2/7/2024,Pastor Israel Powe,https://www.youtube.com/watch?v=sUC68_FbNS8,https://www.shalomtabernacle.com/sermons/conduct-order-doctrine-post-of-duty-pt-2-2/
2024-02-04,Sunday 2-4-24 am,Pastor Israel Powe,https://www.youtube.com/watch?v=iu-Qj5z8swk,https://www.shalomtabernacle.com/sermons/we-win-by-our-confession/
2024-02-01,COD - Conduct 2 - Post of Duty 1-31-24 pm,Pastor Israel Powe,https://www.youtube.com/watch?v=5Y4Q7aKqVmg,https://www.shalomtabernacle.com/sermons/conduct-order-doctrine-post-of-duty-pt-2/
2024-01-28,Closing Days of Grace 1-28-24 am,Pastor Israel Powe,https://www.youtube.com/watch?v=mu7u0smVxp8,https://www.shalomtabernacle.com/sermons/closing-days-of-grace/
2024-01-28,All Truth 1-28-24 pm,Bro Trevor Emond,https://www.youtube.com/watch?v=lSdEdGDzwcA,https://www.shalomtabernacle.com/sermons/all-truth/
2024-01-25,"Conduct, Doctrine and Order 1/24/2024",Pastor Israel Powe,https://www.youtube.com/watch?v=yY3NQHUL2MI,https://www.shalomtabernacle.com/sermons/conduct-order-doctrine/
2024-01-21,Ending of the Gentile Dispensation 1-21-24 am,Pastor Israel Powe,https://www.youtube.com/watch?v=hsxDVigIWdM,https://www.shalomtabernacle.com/sermons/ending-of-gentile-dispensation/
2024-01-21,Bro Ike’s Testimony 1-21-24 pm,Bro Ike,https://www.youtube.com/watch?v=WAPTqbbvRj4,https://www.shalomtabernacle.com/sermons/bro-ikes-testimony/
2024-01-18,Wednesday 1-17-24 pm,Bro George Smith,https://www.youtube.com/watch?v=yuPdydMsA3I,https://www.shalomtabernacle.com/sermons/acts/
2024-01-14,Idolatry in the Last Day (Part 2)  1-14-24 am,Pastor Israel Powe,https://www.youtube.com/watch?v=zqNdZ-btK4w,https://www.shalomtabernacle.com/sermons/adultery-in-the-last-day-part2/
2024-01-14,60-0402 Believest Thou This? 1-14-24 pm,Brother William Branham,https://www.youtube.com/watch?v=t6PjOkSZ7fg,https://www.shalomtabernacle.com/sermons/believest-thou-this-60-0402/
2024-01-07,Idolatry in the last days 1-7-24 am,Pastor Israel Powe,https://www.youtube.com/watch?v=irImc27olCM,https://www.shalomtabernacle.com/sermons/idolatry-in-the-last-days/
2024-01-07,Sunday 1-7-24 pm,Brother Confido Banza,https://www.youtube.com/watch?v=cpSNwXW2k9k,https://www.shalomtabernacle.com/sermons/the-god-who-answers-by-fire-let-it-be-god/
2024-01-04,Wednesday 1-3-24 pm,Brother William Branham,https://www.youtube.com/watch?v=IFIt02_29Aw,https://www.shalomtabernacle.com/sermons/church-order-63-1226/
2023-12-31,What House Are You Building Me 12-31-23 am,Pastor Israel Powe,https://www.youtube.com/watch?v=puVFCXrWh9s,https://www.shalomtabernacle.com/sermons/what-house-are-you-building-me/
2023-12-28,Wednesday 12-27-23 pm,"Brother William Branham, Pastor Israel Powe",https://www.youtube.com/watch?v=NkUBIzJwgdM,https://www.shalomtabernacle.com/sermons/church-order/
2023-12-24,Sunday 12-24-23 am,Pastor Israel Powe,https://www.youtube.com/watch?v=5IUcxMnBry4,https://www.shalomtabernacle.com/sermons/unwrapping-gods-deity/
2023-12-21,Wednesday 12-20-23 pm,Pastor Israel Powe,https://www.youtube.com/watch?v=Jezn5kl8RBw,https://www.shalomtabernacle.com/sermons/ill-ride-this-trail-again/
2023-12-14,Wednesday 12/13/23,Brother William Branham,https://www.youtube.com/watch?v=MtIjefC-EXU,https://www.shalomtabernacle.com/sermons/the-sudden-secret-going-away-of-the-church/
2023-12-10,Who’s Knocking at Your Door? 12-10-23 pm,Brother Josh Cathey,https://www.youtube.com/watch?v=tub-4zwEbDY,https://www.shalomtabernacle.com/sermons/whos-knocking-at-your-door/
2023-12-10,The Headstone of Offense 12-10-23 am,Pastor Israel Powe,https://www.youtube.com/watch?v=yGR5n8TCEac,https://www.shalomtabernacle.com/sermons/the-headstone-of-offense/
2023-12-07,No Mortar Between Us (Part 2) Wednesday 12-6-23 pm,Pastor Israel Powe,https://www.youtube.com/watch?v=prt8kbMVUnk,https://www.shalomtabernacle.com/sermons/no-mortar-between-us-part-2/
2023-12-03,Lamp Trimming Time 12/3/23 pm,Brother George Moore,https://www.youtube.com/watch?v=f5q3VZSRYEU,https://www.shalomtabernacle.com/sermons/lamp-trimming-time/
2023-12-03,No Mortar Between Us 12/3/23 am,Pastor Israel Powe,https://www.youtube.com/watch?v=h5ed6TtOJCo,https://www.shalomtabernacle.com/sermons/no-mortar-between-us/
2023-11-26,Sunday 11-26-23 pm,Brother William Branham,https://www.youtube.com/watch?v=rDq_HVxJBQQ,https://www.shalomtabernacle.com/sermons/birth-pains-65-0124/
2023-11-26,Birth Pains From Within 11-26-23 am,Pastor Israel Powe,https://www.youtube.com/watch?v=3-p9N6htt9A,https://www.shalomtabernacle.com/sermons/birthed-pains-from-within/
2023-11-19,61-1015E Respects 11-19-23 pm,Brother William Branham,https://www.youtube.com/watch?v=7oVNf9zF5iU,https://www.shalomtabernacle.com/sermons/respects-61-1015e/
2023-11-19,Rock of Offence 11-19-23 am,Pastor Israel Powe,https://www.youtube.com/watch?v=0B2pXimdsv8,https://www.shalomtabernacle.com/sermons/rock-of-offense/
2023-11-16,Wednesday 11/15/23 pm,Unknown Speaker,https://www.youtube.com/watch?v=ohKKoC32prc,https://www.shalomtabernacle.com/sermons/a-message-of-grace/
2023-11-12,Sunday 11-12-23 pm,"Bro Fernand Fait, Bro Malcom",https://www.youtube.com/watch?v=9RUwaV5-Kq8,https://www.shalomtabernacle.com/sermons/an-another-of-the-voice-of-the-seventh-angel/
2023-11-12,"Live Saturday Night Service - November 11th, 2023",Bro Wisper Gwena,https://www.youtube.com/watch?v=rX8GmFl-9nU,https://www.shalomtabernacle.com/sermons/the-zerubbabel-commision/
2023-11-12,Sunday 11-12-23 am,Bro Fergeson,https://www.youtube.com/watch?v=j06x_zs_Q5k,https://www.shalomtabernacle.com/sermons/the-reconciliation-of-all-things/
2023-11-11,Friday 11-10-23 pm,Bro Wisper Gwena,https://www.youtube.com/watch?v=vNflgjRfCCE,https://www.shalomtabernacle.com/sermons/the-zerubbabel-commission/
2023-11-11,"Live Saturday Service - November 11th, 2023",Bro Paul Derkson,https://www.youtube.com/watch?v=ThHpibpuou0,https://www.shalomtabernacle.com/sermons/perilous-times/
2023-11-05,Christ and His Stable Companions 11-5-23 pm,Bro Daniel Ofori-Darko,https://www.youtube.com/watch?v=KUzgS7Lbf3U,https://www.shalomtabernacle.com/sermons/bro-daniel-ofori-darko/
2023-11-05,Making of a First Born 11-5-23 am,Pastor Israel Powe,https://www.youtube.com/watch?v=SZ-_EMzFW_s,https://www.shalomtabernacle.com/sermons/making-of-a-first-born/
2023-11-02,Wednesday 11-1-23 PM,Brother William Branham,https://www.youtube.com/watch?v=-NqnJHd0l_4,https://www.shalomtabernacle.com/sermons/come-follow-me/
2023-10-29,Sunday 10-29-23 AM,Brother William Branham,https://www.youtube.com/watch?v=xJ25pgIU8Yw,https://www.shalomtabernacle.com/sermons/indictment/
2023-10-29,Sunday 10-29-23 PM,Brother William Branham,https://www.youtube.com/watch?v=Pua05pylhQc,https://www.shalomtabernacle.com/sermons/the-indictment-60-0707m-part-2/
2023-10-26,Wednesday 10/25/23,Brother George Moore,https://www.youtube.com/watch?v=7Idy2YqKVoM,https://www.shalomtabernacle.com/sermons/4132/
2023-10-22,Sunday 10-22-23 pm,Bro Armando Rivera,https://www.youtube.com/watch?v=MwxvehhrgzI,https://www.shalomtabernacle.com/sermons/he-cares-do-you-care/
2023-10-22,Sunday 10-22-23 am,Bro Billy Paul Branham,https://www.youtube.com/watch?v=0U2M_ds-SuY,https://www.shalomtabernacle.com/sermons/bro-billy-paul-testimony/
2023-10-19,Prayer Changes Things 10-18-23 pm; Bro. Moore,Brother George Moore,https://www.youtube.com/watch?v=1AIvSV8_Qcc,https://www.shalomtabernacle.com/sermons/prayer-changes-things/
2023-10-15,Sunday 10-15-23 pm,Brother William Branham,https://www.youtube.com/watch?v=ixrsJZFigo8,https://www.shalomtabernacle.com/sermons/beginning-and-ending-of-the-gentile-dispensation-55-0109e/
2023-10-12,"Wednesday 10-11-23 pm; “Word-Revealed-Will”, Balaam’s Heart",Pastor Israel Powe,https://www.youtube.com/watch?v=0Te3T69_6dg,https://www.shalomtabernacle.com/sermons/the-word-revealed-word-of-god-balaams-heart/
2023-10-08,Sunday 10-8-23 am; Stay Focused; Brother Israel Powe,Pastor Israel Powe,https://www.youtube.com/watch?v=AffjWMLfeB0,https://www.shalomtabernacle.com/sermons/stay-focused/
2023-10-08,Sunday 10-8-23 pm; Testing: The Manifest Token; Brother Josh Cathey,Brother Josh Cathey,https://www.youtube.com/watch?v=fl7G7GuWBE8,https://www.shalomtabernacle.com/sermons/testing-the-manifest-token/
2023-10-05,Wednesday 10-4-23 pm,Brother William Branham,https://www.youtube.com/watch?v=XbW7xiAVLwo,https://www.shalomtabernacle.com/sermons/the-unchangeable-god-60-0326/
2023-10-01,"What is That to Thee, Follow Thou Me 10-1-23 am, Bro Powe",Pastor Israel Powe,https://www.youtube.com/watch?v=xdjh-Al-CT0,https://www.shalomtabernacle.com/sermons/what-is-that-to-thee/
2023-10-01,"Bless the Lord Oh My Soul and Do Not Forget His Blessings 10-1-23 pm, Bro. Banza",Brother Confido Banza,https://www.youtube.com/watch?v=lbDz78ZSOxQ,https://www.shalomtabernacle.com/sermons/bless-the-lord-oh-my-soul-and-forget-not-his-benefits/
2023-09-28,Law of the Spirit 9-27-23 pm - Bro Powe,Pastor Israel Powe,https://www.youtube.com/watch?v=t8EZB1nPAlA,https://www.shalomtabernacle.com/sermons/law-of-the-spirit/
2023-09-24,The Bride the Lamb’s Wife 9-24-23 pm,Zephaniah Pepiso,https://www.youtube.com/watch?v=8xx5M5M2yDU,https://www.shalomtabernacle.com/sermons/the-bride-the-lambs-wife/
2023-09-24,Sunday 9-24-23 am; The Great Expanse - The King’s Highway; Brother Israel Powe,Pastor Israel Powe,https://www.youtube.com/watch?v=xJXLOJI05a8,https://www.shalomtabernacle.com/sermons/the-great-expanse-the-kings-highway/
2023-09-21,62-0318 Spoken Word is Original Seed 9-20-23 pm,Brother William Branham,https://www.youtube.com/watch?v=nojnfrj22tA,https://www.shalomtabernacle.com/sermons/the-spoken-word-is-the-original-seed-pick-up-your-pen/
2023-09-17,"Everything in the Land Belongs to You 9-17-23 pm, Bro. Moore",Brother George Moore,https://www.youtube.com/watch?v=wFpah31_UKM,https://www.shalomtabernacle.com/sermons/everything-in-the-land-belongs-to-you/
2023-09-17,"Mount Zion Showdown the Rapture 9-17-23 am, Bro Powe",Pastor Israel Powe,https://www.youtube.com/watch?v=9rxwKW0oDeA,https://www.shalomtabernacle.com/sermons/mount-zion-showdown-the-rapture/
2023-09-10,"Faith for the Rapture 9-10-23 am, Bro Powe",Pastor Israel Powe,https://www.youtube.com/watch?v=qQEr08Jg2FI,https://www.shalomtabernacle.com/sermons/faith-for-the-rapture-part-1/
2023-09-10,"Faith for the Rapture (Part 2) 9-10-23 pm, Bro Powe",Pastor Israel Powe,https://www.youtube.com/watch?v=P5keC1rdg2c,https://www.shalomtabernacle.com/sermons/faith-for-the-rapture/
2023-09-07,"Wednesday 9-6-23 pm; 59-1115, My New Ministry",Brother William Branham,https://www.youtube.com/watch?v=s8_kZqzDWyY,https://www.shalomtabernacle.com/sermons/my-new-ministry-59-1115/
2023-09-03,59-1115 My New Ministry 9-3-23 pm,Brother William Branham,https://www.youtube.com/watch?v=sN-AmKsSzEk,https://www.shalomtabernacle.com/sermons/my-new-ministry-59-1115-part-1/
2023-09-03,The Widow’s Mites: Bro. Powe 9-3-23 am,Pastor Israel Powe,https://www.youtube.com/watch?v=pZK6aFJTb9Y,https://www.shalomtabernacle.com/sermons/the-widows-mite/
2023-08-31,Wednesday 8-30-23 PM; Why Some People can’t Keep the Victory; 57-0324,Brother William Branham,https://www.youtube.com/watch?v=gCtRYETK3X4,https://www.shalomtabernacle.com/sermons/why-some-people-cant-keep-the-victory-57-0324/
2023-08-27,8-27-23 PM; Trail to Marriage; Bro Nathaniel Berrett,Brother Nathaniel Berrett,https://www.youtube.com/watch?v=pD9PcjbYR88,https://www.shalomtabernacle.com/sermons/trail-to-marriage/
2023-08-27,"Sunday  8-27-23 am; Our New Ministry, Mark 11:22; Bro. Powe",Pastor Israel Powe,https://www.youtube.com/watch?v=J_zGmSAknl4,https://www.shalomtabernacle.com/sermons/our-new-ministry/
2023-08-17,Wednesday 8-16-23 pm; The Seventh Seal,"Brother William Branham, Pastor Israel Powe",https://www.youtube.com/watch?v=lOhfZjEIa_k,https://www.shalomtabernacle.com/sermons/the-seventh-seal/
2023-08-13,Sunday 8-13-23 pm; Bro Bob Willard,Brother Bob Willard,https://www.youtube.com/watch?v=xqOJ4vLjkhE,https://www.shalomtabernacle.com/sermons/birth-and-born/
2023-08-13,Will You Also Go Away? 8-13-23 am,Pastor Israel Powe,https://www.youtube.com/watch?v=beZGCPOujnI,https://www.shalomtabernacle.com/sermons/will-you-also-go-away/
2023-08-06,Sunday 8-6-23 PM; The Arrow of God’s Deliverance Shot from a Bow; 56-0801,Brother William Branham,https://www.youtube.com/watch?v=Q4RhY0ionuo,https://www.shalomtabernacle.com/sermons/the-arrow-of-gods-deliverance-shot-from-a-bow-56-0801/
2023-08-03,Wednesday 8-2-23 PM; Planted in Good Soil; Bro Israel Powe,Pastor Israel Powe,https://www.youtube.com/watch?v=hl08ilZJU7A,https://www.shalomtabernacle.com/sermons/planted-in-good-soil/
0000-00-00,Error Fetching YouTube Data,Brother William Branham,https://www.youtube.com/watch?v=CFf2R3xSgpE,
0000-00-00,Error Fetching YouTube Data,Bro. Menno Freisen,https://www.youtube.com/watch?v=g_Bs7U0qxsI,
0000-00-00,Error Fetching YouTube Data,Pastor Israel Powe,https://www.youtube.com/watch?v=7CI2vxXN0EQ,
0000-00-00,Error Fetching YouTube Data,Bro Bill Lingar,https://www.youtube.com/watch?v=D72kShKR0Xg,
